title,author
"What is/was the worst 5 year span of your team's franchise?,1egalizepeace",1egalizepeace
"Game 1 of the 2001 WCF. 22 year old Kobe Bryant absolutely dominating the game at both ends against the Spurs. 45 points, 10 rebounds, 5 dunks. Must watch!,soylaverdad",soylaverdad
"Variance and averages,hzbbaum",hzbbaum
"Clutchness (Playoff Edition),ManuGinosebleed",ManuGinosebleed
"Charles Barkley shares why Michael Jordan is cheap,bigman458",bigman458
"Clutch Shooting Last 3 Seasons (forgive the crappy graph),ManuGinosebleed",ManuGinosebleed
"Steph Curry - Superb Separation (Don't Switch),RaiXVortex",RaiXVortex
"New commercial by Jordan brand starring Kawhi Leonard: ""Hangtime"",Anachronym",Anachronym
"There is growing optimism about Chris Bosh being cleared by the Heat.,xcosmicwaffle69",xcosmicwaffle69
"Which Draft Picks are so Bad People Completely Forgot About Them?,CaucasianCactus",CaucasianCactus
"Mozgov putback poster over Nurkic. Russia vs Bosnia 09/10/16,UnbiasedExpert",UnbiasedExpert
"What will be POR, OKC, and ATL biggest problems this season?,_myuniqueusername_",_myuniqueusername_
"In the 2005-2006 Season, Vince Carter was playing his former team Toronto and got his former teammate Mo Peterson ejected after joking around,SETTLEDOWNSIR",SETTLEDOWNSIR
"March 20th, 2005 - LeBron puts up 56 pts, 5 assists, and 10 rebounds in Toronto,PSChris33",PSChris33
"JaVale McGee misses a free throw line dunk,Ocho-Ocho-Ocho",Ocho-Ocho-Ocho
"Who will have their breakout season this year?,dylanman11",dylanman11
"Do you think Andrew Wiggins will ever become a superstar?,The71stSean",The71stSean
"Hasheem Thabeet Career High 13 Points/10 Rebounds, 3 Dunks. MONSTER!,Trying_To_Contribute",Trying_To_Contribute
"Like Blocks? Here's Dwight Howard's Top 10 Defensive Plays of the 2011-2012 NBA Season,Ricard_Rubio",Ricard_Rubio
"Nostalgia time. What's your earliest NBA memory?,kt_texian",kt_texian
"Celtics legend Shaq dunks home the alley-oop on the fastbreak,Timi093",Timi093
"Brook Lopez welcomes Damian Lillard to the Block Party,shakendfries",shakendfries
"Steph Curry denies Draymond Green a high five,vividsang",vividsang
"Players 3FG% vs amount of 3FGs taken,marcushorton",marcushorton
"Richard Hamilton Sees his Twin in the Crowd!,SunsFan97",SunsFan97
"80s NBA trading card boxes,shittyartist",shittyartist
"Artwork: Dwyane Wade and Rajon Rondo playing connect four with Bulls players as the pieces,Wonzo23",Wonzo23
"If your current team could add any one player from your teams history, who would it be and how would the new teams stack up?,harkinstheatre",harkinstheatre
"Percentage of 3 points attempts which are pull shots vs overall 3 point percentage,Good_NewsEveryone",Good_NewsEveryone
"What was the best 5 year span of your team's franchise?,1egalizepeace",1egalizepeace
"Dean Martin Celebrity Roast of Wilt Chamberlain 1973,MalcolmXfiles",MalcolmXfiles
"Sick HS highlights of Lebron, Steph, Kyrie and others,twkenly",twkenly
"Who will come out on top in the next CBA ?,FootballCTE",FootballCTE
"What is your favorite (or the best) game that you've attended?,Hwanch",Hwanch
"Dwight Howard Throws Down Ridiculous Alley-Oop over Porzingis,GettingLostInDaSauce",GettingLostInDaSauce
"Behind The Scenes At Raptors 905 Open Tryout,iTechBrotha",iTechBrotha
"How come people say Shaq was robbed of his second MVP in the 2004-2005 season?,thesith6969",thesith6969
"Josh Smith sets up Dwight Howard for slams on 5 lobs in one game - Playoffs 2015, Rockets vs Mavs Game 2,lolwutomgbbq",lolwutomgbbq
"What's your favorite shoe to hoop in?,503PDXzers",503PDXzers
"Possibly the most insane buzzer beater ever by Mo Pete vs the Wizards back in the 05-06 season,raptorsbucketnator",raptorsbucketnator
"Very few Centers pass as well as Marc Gasol. A simple highlight video showcasing some of his sometimes overlooked talent,maverickxv",maverickxv
"James Harden, Nick Young & Demar Derozan at the Drew League Championship,ElectricFishFry",ElectricFishFry
"Simmons' trade values from 2001-2015 to help pass the offseason time,twitta",twitta
"Why is Donatas Motiejuans not signed yet? Is he holding out?,ireddit270",ireddit270
"Peđa Stojaković is most commonly remembered by his shooting, however Serbian fans voted this as a best move of his career,hopopo",hopopo
"Name a rising star and someone provide the apt veteran comparison.,Sprinkle_Salt",Sprinkle_Salt
"Amazing summary of the 2015-16 season,lngram",lngram
"Toronto Raptors trade rumors 2016: Raptors may welcome back former star,chewbaklavaa",chewbaklavaa
"Need help identifying a player by the nickname of instant Heat,qwertquick",qwertquick
"Three years after hitting a game-winner shot against Raptors, Jeremy Lin killed Raptors again with 35 Pts.,justforgotfrag",justforgotfrag
"Kyle O 'Quinn dancing too hard,teritore",teritore
"Latrell Sprewell — ""I am the American Dream"" (AND1 commercial),Chad3000",Chad3000
"What are some FIBA rules that the NBA should adopt?,FastMoneyCam",FastMoneyCam
"Miles Plumlee spikes D-Wade's shot attempt into his face,mightgetdownvoted",mightgetdownvoted
"Michael Jordan's Basketball Hall of Fame Enshrinement Speech,exasperated_dreams",exasperated_dreams
"Matthew Dellavedova reveals his best ever teammate,ClarkeM21",ClarkeM21
"Russell Westbrook campaigning to be in the 2009 NBA Dunk Contest.,Exumu",Exumu
"Allen Iverson's 3 game stint as a Grizzly,O_ObeLL_Deckham",O_ObeLL_Deckham
"Mario Chalmers is still a free agent. What's the deal?,the_lockpick",the_lockpick
"Notable player weaknesses,ThirstyBrandon",ThirstyBrandon
"35 yr old Vince Carter Dunks on Hassan Whiteside,GizaAndRizza",GizaAndRizza
"What are the main problems you see the NYK, CHI, and IND facing this season?,_myuniqueusername_",_myuniqueusername_
"Which players do you wish you got to see play?,airster_333",airster_333
"[Washburn] Doc Rivers on DeAndre Jordan: (After the Olympic Experience) “He sees himself now as a star. As good as he is, I don’t think he’s ever seen himself as one. He’s always been the third guy so he’s looked at himself as a role player in some ways. Now he knows how good he is."",urfaselol",urfaselol
"Basketball players, what is the greatest challenge in improving your jumpshot?,SwaqqyB",SwaqqyB
"[Hancox] The four best backup point guards in the NBA,wjbc",wjbc
"1991 Point Guard Battle: Magic Johnson (15p 15a) vs. Tim Hardaway (24p 12a),fullcourtprez",fullcourtprez
"Hakeem ""The Dream"" Olajuwon Teaches Kobe Bryant Post Moves,ArkhamManiac",ArkhamManiac
"(educate me) I couldn't understand the concept of ""hand is part of the ball"",casio_is_my_watch",casio_is_my_watch
"A great picture of LeBron surrounded by 4 Spurs (2007 NBA Finals) (x-post r/AccidentalRenaissance),inputfail",inputfail
"[Goodman] Johnny O'Bryant signs with the Wizards,Nickdoggmoneycash",Nickdoggmoneycash
"Who is your favorite (or least disliked) player from your team's rival and who is your least liked player on your team?,jewie-jewbacca",jewie-jewbacca
"[ASCHBURNER] NBA coaches examine possible rule changes,deadskin",deadskin
"Was there ever a pair of brothers who made it into the HOF? or won a championship each?,Sti8man7",Sti8man7
"The Origin of the r/NBA logo,BallGodd",BallGodd
"Finals MVP: 2012-13 LeBron, 2014-15 Guarded LeBron, 2016: LeBron. LeBron is so dominant that voters awarded 2 Finals MVPs for guarding him well. (via Hardwood Paroxysm),wjbc",wjbc
"Daily Sidebar Image Selection Thread (2016.09.12),AutoModerator",AutoModerator
"Which active NBA player is marriage material?,polakfury",polakfury
"Where do you have the Heat if Chris Bosh is healthy for the season?,DwyaneWade305",DwyaneWade305
"Kevin Garnett, Shaq, Big Baby & Nate Robinson Going Off To Waka Flocka In The Locker Room,CaramelMandingo",CaramelMandingo
"No Kemba, no problem: Lin led Hornets to beat Cavs and Michael Jordan went out of his way to slap his ass!,justforgotfrag",justforgotfrag
"1995 NBA Finals: Orlando Magic @ Houston Rockets Player Introductions,GettingLostInDaSauce",GettingLostInDaSauce
"[Fisher] Pelicans likely made a training camp deal with Stephenson, since they would have to waive someone to make room for Lance.,wjbc",wjbc
"Attention to Detail: John Wall,urfaselol",urfaselol
"Derek Fisher, on guarding Steve Nash,sunnySpring3",sunnySpring3
"Shaq finally meets his biological father and tells him ""I don't hate you"",PZinger6",PZinger6
"In the 2000 NBA Finals - Everyone talks about Shaq averaging 38 ppg on 61.1% shooting and grabbing 16.7 rebounds per game. What isn't talked about is in 6 games, he averaged 45.5 minutes.,z3r0d4rkth1rty",z3r0d4rkth1rty
"Larry Bird & Magic Johnson sit down and talk with Rookies LeBron & Melo (2003-2004),sayqueensbridge",sayqueensbridge
"A fleeting diversion from the horrors of 9/11, thanks to MJ,TheFuzzNBA",TheFuzzNBA
"Best Games, Week 3 - Dwyane Wade,vividsang",vividsang
"Suns vs Raptors provides the worst 30 seconds of basketball,dragonballa",dragonballa
"Russel Westbrook is not as good as you think at the rim,Dorokin240",Dorokin240
"I'm bored so I wrote a story about the rise of basketball in Africa. Feel free to add on if you'd like,bijiano",bijiano
"NBA coaches share thoughts on Hall Class of 2016,clutch-city2k15",clutch-city2k15
"Shaquille O' Neal thinks there are ""other ways to get your point across” rather than recent San Francisco 49ers QB Colin Kaepernick approach.,4for5",4for5
"Celtics goes for an amzing 20-0 run vs Knicks in 2013 playoffs in what turned out to be the last game in Boston uniform for Pierce and KG,Timi093",Timi093
"Head Coach Rick Carlisle as a Granny,just_chewing",just_chewing
"Shaq: ""I'd like to thank Kobe Bryant, a guy that pushed me to three titles -- and then pushed me off the team and got me traded to Miami"",m3s1",m3s1
"My view at the Hall of Fame induction last night. It was an absolutely incredible evening with great speeches from top to bottom.,Captain_Moscow",Captain_Moscow
"Mirza Teletovic (shooting 24.3% on his 18.5 FGAs per game) restrained by Bosnia NT teammates from attacking 17-year-old Džanan Musa who broke down in tears,LamarMatic",LamarMatic
"What young NBA players have the best chance of becoming a superstar?,jenknigg",jenknigg
"Dwight Howard Full Highlights 2011 Playoffs R1G1 vs Hawks - Career-High 46 Pts, 19 Rebs,GettingLostInDaSauce",GettingLostInDaSauce
"Which players were great shooters from the floor, but were only average or worse from the line? Alternately, which players who were poor shooters from the floor were excellent free-throw shooters?,Effercon",Effercon
"Should Denver, Philly, or the Nets offer JR Smith a four-year, $42M deal? Would he sign it.,notsellingjeans",notsellingjeans
"Is Elgin Baylor the worst GM in NBA history?,PSChris33",PSChris33
"Reporter falls down, Yao shows his humor,MTing1315",MTing1315
"Who's the most clutch player in the NBA?,PingedSpinxz",PingedSpinxz
"Research Study, Knee and Ankle Injuries, Participants needed!,detmalu1",detmalu1
"When MJ is 40-60+ years gone from the game, will he still be GOAT,18thLetter",18thLetter
"Is George Karl a Hall of Fame coach?,eg14000",eg14000
"Interesting 2001 Analysis of Allen Iverson's game by Ray Allen,ThirstyBrandon",ThirstyBrandon
"First female player in the NBA,3PhaseAllDay",3PhaseAllDay
"What's the best lineup you can make with all first-name players?,THETEALSLIMSHADY",THETEALSLIMSHADY
"Shaq on when he discovered Yao spoke English. ""He hit me with an Hakeem Olajuwon move. I said, ""Nice move."" He said, 'Thanks my brother."",jcarmona24",jcarmona24
"Which team are you most interested to watch?,just_chewing",just_chewing
"Looking for the next Shaq? Here’s why you’ll never find him,greenekid",greenekid
"Damon Stoudamire (31pts/11asts/6threes) vs. Bulls (1996),nomad700",nomad700
"New to NBA,Thebritishlion",Thebritishlion
"Anderson Varejão career high 35 points and 18 rebounds along with Kyrie Irving 34 points in a 101 - 114 loss to the Nets,sunnySpring3",sunnySpring3
"Has anyone noticed that on the customized jerseys on store.nba.com, when you go to customize it will always have ""15"" or ""52"" pre-entered in the custom number section, and will sometimes have ""Tebow"" or ""Saddler"" already put in the custom name section?,superslayer44",superslayer44
"Pierce's and KG's last game in Boston uniform,Bruunoo1",Bruunoo1
"Kristaps Porzingis 2015-16 Rookie Season BLOCKS Compilation - PorzinGOD!,threekingmodest101",threekingmodest101
"Don't hate me, but I think Bill Russell is overrated,IRandaddyI",IRandaddyI
"Which former NBA players would get totally shit on in today's NBA?,SCREAMING_DUMB_SHIT",SCREAMING_DUMB_SHIT
"Shaq jumping into the crowd. From Fan POV.,ImHungryAsFuck",ImHungryAsFuck
"Iverson on the receiving end of an ankle-breaking crossover,Schleprok",Schleprok
"Best NBA player nickname all time?,guywilliamsguy",guywilliamsguy
"Shaq, AI and Yao were all #1 overall picks,PZinger6",PZinger6
"Dennis Rodman's Hat Trick,hooknuggets",hooknuggets
"If you were the opposing GM, who would you NOT accept trading in a 1 for 1 trade for Karl-Anthony Towns?,tmstamp215",tmstamp215
"What are some funny t-shirts centered around the basketball team you root for that you own?,I_Enjoy_Taffy",I_Enjoy_Taffy
"Yao Ming teases Allen Iverson about ""practice"" during HOF speech,teriyakisushi",teriyakisushi
"Can you conceive of a future where the NBA isn't the clear-cut dominant basketball league on Earth?,ESPNisBetterThanHBO",ESPNisBetterThanHBO
"Kristaps Porzingis vs Karl-Anthony Towns Duel Highlights (2015.12.16) Knicks vs Wolves,Gage101",Gage101
"Will Damian Lillard even make the All Star team this year?,lakeshow22",lakeshow22
"Jeremy Lin scored 29 pts against Spurs by overcoming a 23 pts deficit,justforgotfrag",justforgotfrag
"How good will Westbrook be this year?,ABlackcapsFan",ABlackcapsFan
"Allen Iverson - Basketball Documentary 2016,cenki95",cenki95
"Predict the statlines of AD and KAT next season,Incognitohero11",Incognitohero11
"[Rockets Insider] Kevin Durant on his relationship with Russell Westbrook,BallGodd",BallGodd
"New to basketball, how do I start to learn watching it?,KawaiiKush",KawaiiKush
"How Paul Pierce got his nickname: After dropping 42 on Shaq and the Lakers in 2001, Shaq stated postgame: ""Take this down, Paul Pierce is the motherf***ing Truth"",aday12",aday12
"Have we ever had a father and his son play in the NBA at the same time?,minermx07",minermx07
"Sixers HOF mixtape tribute to AI,PZinger6",PZinger6
"ESPN Player Profiles for free or trial?,PuffyVatty",PuffyVatty
"Tim Duncan's former financial adviser has turned himself in, according to @gmaninfedland. Duncan claims he had $25M stolen from him.,monetclaude",monetclaude
"Allen Iverson used to keep trash bags filled with money in his home and once couldn't find where he parked his car at an airport so he abandoned it and just bought a new one.,TrillTaskforce",TrillTaskforce
"If Lebron didn't enter the draft straight out of HS, what college would he have played for?,billbrown96",billbrown96
"Good to see A.I. FINALLY updating his suit game at today's HOF photo shoot.,HalfManHalfBlazing",HalfManHalfBlazing
"Lance Stephenson has agreed to sign with the New Orleans Pelicans,RCHIII",RCHIII
"All NBA ""Wasted talent"" Team,LittleNewYork",LittleNewYork
"Iverson Hall of Fame Speech. All Time Great.,gman2345",gman2345
"Where would Patrick Ewing be ranked all time if he led the Knicks to a title in either 1994 or 1999?,phalanx76",phalanx76
"KD threepeat vs Westbrook one ring,legendariusss",legendariusss
"Best Pick'n'Roll plays of all time?,seymourtets",seymourtets
"If you could hang out with one NBA player, past or present, for a day, who would you choose, and why?,chimpaman",chimpaman
"Does Shaq try to hard to be funny?,motivatedtech",motivatedtech
"Rondo turns on the burners and yams on Jason Maxiell !,Tito_Our_Saviour",Tito_Our_Saviour
"Shaq did work both on and off the court throughout his career,2Garbanzos1Bean",2Garbanzos1Bean
"Writing college essay on Allen Iverson, can you help with some brainstorming?,theclownermb",theclownermb
"""My Hall of Fame Speech"" - Yao Ming,jdesign808",jdesign808
"Peyton Manning teaching Yao how to throw a football.,2Garbanzos1Bean",2Garbanzos1Bean
"The JR Smith contract situation may continue to drag on for a while,this_place_stinks",this_place_stinks
"Shaq's Hall of Fame enshrinement speech,jeric13xd",jeric13xd
"Cavaliers guard Iman Shumpert arrested on suspicion of DUI,ThatGuyFromCanadia",ThatGuyFromCanadia
"My Brother Yao | By Steve Francis,jerryrigging",jerryrigging
"This is what each team's roster would look like if every team had to keep their last 15 first-round picks. (No trades, shitty excel, and all-stars highlighted),sleeptrouble",sleeptrouble
"[Upside & Motor] The Next Iteration of Playmaking Fours,mcb25",mcb25
"[Hancox] The three former NBA stars who could enter the Hall of Fame in 2017 (T. McGrady, J. Sikma, B. Wallace),wjbc",wjbc
"Did Bill Simmons have a terrible run in with his keyboard or something?,IRunLikeADuck",IRunLikeADuck
"Leadrinho Barbosa with a couple of great stories about his first days in the NBA,Blakred",Blakred
"Jeremy Lin's chasedown block on Draymond Green,IranianSocialist",IranianSocialist
"Is Russell Westbrook a future Hall of Famer?,Houston_sucks",Houston_sucks
"James Harden 1# option or Russell Westbrook as #1 option,Manlyodin131",Manlyodin131
"14-year-old Celtics fan is shooting hoops alone; Isaiah Thomas walks up and joins in,GhostOfBostonJourno",GhostOfBostonJourno
