author,title
philthy311,"Early Evening at the National Bison Range, Montana [OC] [10404 x 3806]"
psg188,"Grand, Middle, and South Teton from Hurricane Pass last week [OC] [5472 x 3648]"
Tangsta1,"Canadian Prominence - Assiniboine Park, BC [3264x1836] [OC]"
erikjohnsonphoto,Palouse Falls in Washington [oc][1600x1000]
diregummybear,Arizona sunset near Flagstaff [OC][5254x3648]
Fingolas,"Sunset with rainbow at Monument Valley (Arizona, USA) [OC][9200x3375]"
jordanbank,"Observation Point after a brief rain, Zion National Park, UT [OC] [1180x787]"
osmancarim,"A Broken feature, Brecon Beacons (Wales) [OC] [5052x3063]"
jordanbank,"Mono Lake, CA during Sunset [OC] [3596x2401]"
babykatta,"Fall in Molde, Norway (960 x 453)"
lilMikey201,"HEART OF THE CANYON - Antelope Canyon Page,Arizona [OC] [3264x1836]"
Dragcurl,"Damüls, Austria. [OC] 4000x2992"
joeflask,"Braklinn Falls, Callander, Scotland - where i crashed my drone [oc] [5,282x3,526]"
ModernDayExplorer,"Balu Pass, Glacier National Park, British Columbia, Canada [OC] [5568x3712]"
elroypaisley,"Just back from my first visit to Ireland. Cliffs of Moher, Ireland [OC] [3968x2490]"
moonguidex,"Widow's Beach at Los Cabos, Mexico [OC][6000 x 4000]"
fionaelenriannon,"View from Glomtinden, Lofoten [4234x1758] [OC]"
brockbr,"Brink of the Lower Falls, Grand Canyon of Yellowstone, WY [2000x1335] [OC]"
CheekyCheesehead,"Misty mountains in the Cascade Range, WA [OC][4608X3072]"
headShrinker,"Dawn at Lake Garda, Sirmione Italy [oc] [2699x4054]"
koulnis,"[OC][2822x1588] Eggen, Norway, a nature preserve on the Lofoten Islands, during August"
s7vn,Seven AM Sunrise in Switzerland [OC 3296x2448]
reddtedd2,"Wheeler Peak, Nevada [OC] [2074x1556]"
mysticsika,"Dunes Of the Namib, Namibia[OC][7360x4912]"
LeNightMan,"Went for a walk in the Forest Of Dean, UK. [OC][7360x4912]"
Simon_S_Photography,Pesaplana Austria - stunning view from 3000m (10000ft) [OC] [5800X3800]
SabashChandraBose,"Somewhere on the road to Axum, Ethiopia [8857x3691] [OC]"
androptimusprime,"Sun coming through the trees on West Spanish Peak, CO [1920x1180]"
ModernDayExplorer,"Olive Lake, Kootenay National Park, British Columbia, Canada [OC] [5568x3712]"
ModernDayExplorer,"Waterton Lakes National Park, Alberta, Canada [OC] [5568x3599]"
varash,"Watch your step, Fjallsárlón, Iceland [OC][4896x2754]"
_braddd,"Iceland's most famous waterfall, Gullfoss [OC] [1334x1000]"
MrJB_,Diablo Lake North Cascades Washington State (OC) (4608x3072)
legwati,"Broch at Brough, Yell, Shetland [857x1200]"
MrRedef,"Bryce Canyon, Utah. [OC] [5204x1631]"
latse,"Isla de la Palma, Islas Canarias, España. [OC] [6000 x 4000]"
whiteyiscool,Eerie corridor at the entrance of Glacier National Park [OC] [3264X2448]
ashadouglas,"Sunset behind Seljalandsfoss, Iceland [OC][5472x3648]"
Resentful_Toucan,"Blà Bheinn, Isle of Skye [4191x1921]"
mmartinez42793,Acadia national park has some pretty good views [OC][2938X2203]
almostjimi,"Looking across the plain at Grand Teton, as light penetrates the smoke from a nearby forest fire. [OC] [5184x3456]"
joshadamphoto,"Skogafoss, Iceland [OC] [6000x4000]"
filox,"Wildsee, Switzerland [OC] [1305x979]"
R3C0N,"Simple beauty is still beauty! Shenandoah National Park, VA [5344x3006] [OC]"
mikkejohansen,"Between mountains - Åndalsnes, Norway [OC] [6000x4000]"
Jager1966,Good morning from Canyonlands [OC][5000x2812]
babar222,"granite quarry = perfect swimming near Rockport, MA USA [OC] (3264x2448)"
rook_armor_pls,"Sunset at St. Peter-Ording, Germany [OC] [5036x3094]"
Anfrin,[OC] Robinson Lake Oregon - One long drive and one short hike later. [6000x4000]
forestatlarge,"Garibaldi Park in BC, Canada [OC] [3000x2000]"
HitTheRoadZak,A break in the storm clouds over Lake McDonald in Glacier National Park (3500x2625)[OC]
lilMikey201,Angels Landing - Zion National Park [OC] [3264x1836]
EvolutionDG,Econlockhatchee River out of its banks in central Florida [OC] [1280x854]
PolishAstatine,"At the bottom of the Main Falls, Bushkill Falls, PA. (OC) [4160 x 2281]"
elit3powars,"Oppstryn, Norway [640x1136] [OC]"
xeno_sapien,"Steaming hot water flows into the Firehole river in Yellowstone National Park, Wyoming. [OC] [4000 × 2857]"
gonggonggong,"Ridgeline of the Black Mountains near Asheville, NC [OC] [5472 × 3648]"
moonguidex,"Widow's beach, Cabo San Lucas, Mexico [OC] [4610x3073]"
BeerNerdRN,"OC: View took my breath away while hiking to Big Beehive,Lake Louise Banff, Canada [1334 x 750]"
Simon_S_Photography,View from Schesaplana in the Austrian Alps [OC][5300x3000]
eeega34,"from a different angle. Grand Canyon National Park, AZ. [OC] [2400x1350]"
jglik,"Humantay Glacial Lake - Cusco Region, Peru [OC][5600 x 3200]"
imsafi,"Triangle Lake, Ohio [5184x3456] (OC)"
Beerquarium,"A Calm Morning at Bear Lake Colorado [OC], [4759x3059]"
Chgreen,"Denali National Park, Alaska [OC] [5760x3840]"
yukonlife,"Hiking up Nares Mountain, Yukon Canada, [OC] [3264x2448]"
kierajmumick,"Austdalsbreen Glacier, Jostedalsbreen National Park, Norway [6000x3375] [OC]"
ryanheffron,Sunset at Summit Lake Colorado [OC][1800x1200]
JoshpPhotography,Waves crashing onto Scarborough beach [OC][3264 x 2448]
pfredphotos,"The ""Badlands"" in Death Valley, California. [OC] [1800×1283]"
Loopki40,Mount Cooper and the Lamplugh Glacier [OC][3264x1836]
Wes___Mantooth,Meadow with sheep in Iceland [OC] [3264 x 1836]
jellyman502,"Evening sun on a canyon wall (Nageezi, NM). [OC] [3120×4160]"
celica90,"Mist floats above Mount Shuksan's reflection on a gentle morning at Picture Lake, WA by Ross Schram von Haupt Photography (OC) [1200x800]"
turtule,"Mt. Sneffels near Ridgeway, CO in late October [OC][2048x1536]"
Justepicthings,"Tvindefossen Waterfall, Norway [OC][4000x2992]"
jellyman502,"Looking across the valley (Granite Falls, WA) [OC] [4160×3088]"
jglik,"Salkkantay Trek to Machu Picchu - Cusco, Peru [OC][1519 x 1200]"
zsnajorrah,"Sunrise over blooming heather at the Posbank, in Veluwezoom National Park, Netherlands [OC] [2048x683]"
Celty916,"My favorite spot to relax: The Bluffs along the American River in Sacramento, CA [7056x1664]"
jwolfbluemoon,"In the Falls - Proxy Falls, Oregon [OC] [2200x2750]"
Derrick_Z,"Diana's Bath in Bartlett, New Hampshire [OC] [4032x3024]"
v12wannabe,"Kejimkujik National Park, Nova Scotia, Canada [OC] [5323X3548]"
iworkondishwashers,"A Greek creek paradise. Crete, Greece. [1334 x 750] [OC] [OS]"
benjo1989,"Serra do Caldeirão, Portugal. Location of the first ""Stupa"" in Portugal [OC] [12779x4622]"
MikeBackAtYou,Norway [2560x1440] © Morten Rustad
zathan,"Black rock, Reynisfjara, Iceland [OC] [1251 x 1600]"
Raavast,"Öster Silvbergs gruva - Flooded silver mine, Säters kommun, Dalarna, Sweden. [5598x3732] [OC]"
dustroad,"A stream in the forest, Mount Oeta, Greece [OC] [2048 x 1176]"
gubbanub,"Oeschinensee, Switzerland[OC][3264x2448]"
mhtferrari,"Beatiful fjord in Lysefjorden, Norway [OC], [5184 x 3456]"
legwati,"The cliffs of Esha Ness, Shetland [OC] [960x539]"
qasai,"Hidden Lake, Glacier National Park, MT [OC][6000x4000]"
MrApexIt,"Mt Blanc Chamonix, France (OC) [6016x4016]"
ModernDayExplorer,"Moraine Lake, Banff National Park, Alberta, Canada [OC] [5568x3712]"
NewtFossil,"Bike ride to Valle de la Luna in San Pedro de Atacama, Chile [OC] [3264x2448]"
DomPhotography,"Fort Bragg, CA coastline during sunset [OC] [1600x1066]"
Mang0Sl1ces,"View from the Yosemite Falls Trail in Early August- Yosemite, CA [OC][3264 x 1836]"
Yippiekayo_Rom3o,USA Mono Lake [OC] [4000x3000]
unknown_name,"Chephren Lake, Banff National Park | by Harry T. [1600x1067]"
